{"cameraMode":{"drawMode":0,"name":"Shaded","section":"Shading Mode"},"sceneLighting":true,"audioPlay":false,"sceneViewState":{"showFog":true,"showMaterialUpdate":false,"showSkybox":true,"showFlares":true,"showImageEffects":true,"showParticleSystems":true},"in2DMode":false,"pivot":{"x":232.95602416992188,"y":172.82345581054688,"z":-56.161155700683597},"rotation":{"x":-0.15998022258281709,"y":-0.04085692763328552,"z":0.006627407856285572,"w":-0.9862521886825562},"size":297.1346435546875,"orthographic":false}