{"cameraMode":{"drawMode":0,"name":"Shaded","section":"Shading Mode"},"sceneLighting":true,"audioPlay":false,"sceneViewState":{"showFog":false,"showMaterialUpdate":false,"showSkybox":false,"showFlares":false,"showImageEffects":false,"showParticleSystems":false},"in2DMode":false,"pivot":{"x":0.5418791770935059,"y":5.1476593017578129,"z":1.8130855560302735},"rotation":{"x":0.05577778071165085,"y":-0.0054075829684734348,"z":0.00030187625088728964,"w":0.9984282851219177},"size":179.4749755859375,"orthographic":false}